PC1,PC2,PC3,PC4,PC5,PC6,PC7,PC8,PC9,PC10,PC11,PC12,PC13,target
3.3167508122147815,-1.4434626343180077,-0.16573904461441652,-0.21563118755908545,0.6930428405893511,-0.223880128259359,0.5964265458075448,0.06513909470512882,0.6414427057667729,1.0209558528966303,-0.4515633954784369,0.5408104138990947,-0.06623863088645056,0
2.209464916918847,0.3333928870803003,-2.026457373807533,-0.29135831818067287,-0.25765463451112947,-0.927120244133814,0.05377561283487475,1.0244159502406087,-0.30884675256984395,0.15970137197881515,-0.14265730595966647,0.38823774134252054,0.003636502472596357,0
2.516740146610384,-1.0311512962743192,0.9828186702120603,0.7249023094447319,-0.2510331181840587,0.5492760466688994,0.42420545099157864,-0.3442161311029537,-1.1778344712856534,0.11336085674453442,-0.2866728474825915,0.000583573182537949,0.021716510404281686,0
3.757065609773205,-2.756371913710712,-0.17619184219949302,0.5679833077758975,-0.31184159119241855,0.11443100019074715,-0.38333729704832287,0.6435934984154139,0.05254442149621386,0.23941260495048652,0.7595843120933166,-0.2420195634836485,-0.36948353084587165,0
1.0089084937957153,-0.869830821417206,2.026688219235408,-0.4097657883574718,0.2984575030376509,-0.40651960051625974,0.4440744629058804,0.41670047012483064,0.3268191647784442,-0.07836648197566681,-0.5259450832249108,-0.21666415780046336,-0.07936356550675294,0
3.0502539224180776,-2.1224011146341915,-0.6293958270439132,-0.5156374945358537,-0.6320187337580411,0.12343055743291438,0.40165375814063436,0.39489342101397035,-0.15214607628441112,-0.101995816222454,0.4055853159640909,-0.37943268389457857,0.1451553311291217,0
2.4490896695962334,-1.1748501316494733,-0.977094890714197,-0.06583050459019199,-1.027761909025993,-0.6201207425567622,0.05289072846998454,-0.3719338618330985,-0.4570158548459947,1.0165634589013104,-0.44243341099785827,0.14122984406920802,-0.27177818440666623,0
2.0594368714379163,-1.608963068363508,0.14628188306155793,-1.1926080102922096,0.07690349381002068,-1.439806216970115,0.03237559232592631,0.2329789537412164,0.12337031634069559,0.7356000471602863,0.2935548586727248,0.3796630260704199,-0.11016378664036522,0
2.5108742973989906,-0.9180709573337772,-1.7709690272289418,0.05627036123000857,-0.892256976720678,-0.1291810479013425,0.12528507133680883,-0.499577904254274,0.6065891979197721,0.17410661316419293,-0.508932893454411,-0.6352493357375132,0.14208353607567437,0
2.7536281876339133,-0.7894376738336053,-0.9842474895182364,0.3493815683116256,-0.4685530755408982,0.16339165034085507,-0.874352244914277,0.1505795028516001,0.23048915219392485,0.1794201028939563,0.012478170994030728,0.5503268232211367,-0.04245485330552493,0
3.479736682731214,-1.3023332371235938,-0.42273521658084756,0.02684175997358231,-0.3383747782271913,-0.18290163145863597,0.24816238376085,-1.2066109659500062,-0.5245739738191091,-0.21453758530769268,0.7325146130291914,-0.08131226662208194,0.12260198084835754,0
1.7547529012945908,-0.6119772287456309,-1.1908783196301755,-0.8901643378997633,-0.7385726590676271,-0.5530552504223062,-0.4342662405552975,-0.9851265370740278,-0.4740304800393628,0.22028278040790833,0.04143615276008067,-0.16256090692087274,0.14276979528047282,0
2.1134623403150976,-0.6757063391426181,-0.8650864256166559,-0.35643801000970715,-1.2099287234323302,-0.2150761176892296,-0.2425971762497505,-0.4615063643810421,-0.8788133896322761,-0.09650536424086044,0.054046453307694045,-0.08974650924937912,-0.004935241587694967,0
3.4581568193367236,-1.1306298761729376,-1.2042763525381899,0.1624580628591224,-2.0231268080203924,0.7457808259314076,1.4757734192130907,-0.3803857559886049,-0.02570214724088432,-0.24465261249623416,-1.2318008960574873,-0.7723334909258319,0.22582130657951963,0
4.312783906765565,-2.0959755753412623,-1.2639127523579987,0.3057731897043434,-1.0296926129271067,0.7956429129578647,0.9999709473177878,-0.40489140770451626,-0.8403425383218344,-0.3644329063562892,-0.3157461217297349,-0.14281973158321754,-0.09472395585199604,0
2.3051882008279745,-1.662551729989056,0.2179026155959567,-1.4405900273281116,-0.4695501036028668,-0.4222134027274459,-0.18096750223581068,0.08411669950166614,-0.404457915245104,-0.7996551279792846,0.10268411633561553,0.4977958637344583,-0.06599976422661308,0
2.1719552737415153,-2.32730533619142,0.8317298659860076,-0.9126012748605071,-0.00011494041364392583,-0.06652930594707128,0.1094877817845677,-0.3994347978908628,0.06105528559070995,0.019513855919205007,0.0783664372551731,-0.5007972067261918,0.33810278131141863,0
1.8989711765627633,-1.6313688786428384,0.7949137923810696,-1.0823803881739058,-0.4387052138440899,0.36493081269720806,0.09164656925346137,0.11284025728618453,0.38203327494218414,-0.4013209342428039,0.3090819121591923,-0.26382535754650105,0.5592935189808284,0
3.541985081943473,-2.5183436693066454,-0.48545850766629395,-0.9103228070335065,-1.1530793383251645,0.30387702080278906,-0.033464213301003694,-0.03560011849473827,-0.44156600913533417,-0.784576972298036,0.9185083078950145,0.1650880817655091,0.5145431518552714,0
2.084522204730314,-1.061137993583861,-0.16474667849947291,0.48499741925281403,0.8825113543962547,-1.3930177039350173,-0.1024721809658704,0.5799152652554096,0.05875280062960429,-0.15004930186537824,-0.8357265512128127,0.2878746065266845,0.05870931336144952,0
3.124402535167203,-0.786897105650895,-0.36488708298884365,-0.025561690615409444,0.9724136022651143,-0.10692176158726686,0.26476249099291965,0.1856014155098176,1.3184623081450673,0.36209122109424213,-0.4612201142333575,0.47345849963980696,-0.027779350786251083,0
1.08657006833224,-0.24174355133284045,0.9369615996106444,1.029909840985576,0.3159716952080952,-1.211014896203918,0.296931698253839,-0.10645128084851498,-0.572699211553461,-0.09243260781862868,-0.6588297942405905,0.6826893757956758,-0.30464499687385826,0
2.5352240799037165,0.0918406207208811,-0.31193265934797043,-0.04839123553408403,-0.42958155807988846,-1.0149431073524475,-0.12776964657716128,-0.07661405081998439,0.10826273738590678,0.8255181343183605,-0.08908247529709444,0.48210198587786995,-0.044933737759569756,0
1.644988341254471,0.5162789300672358,0.14388509467079402,-0.41372002444082306,-0.3757199647595964,-0.7845055212674509,-0.6684021835766635,0.19526544123818362,-0.692402356695683,0.47168244654705427,-0.03250581390171033,0.48384661035633975,-0.3437500381871987,0
1.7615758722693022,0.31714893268438094,0.890285647405687,-0.115115611273724,-0.5566684221133082,-0.8987488704298414,-0.6235508626493333,-0.3422738429245437,0.09498393599296702,0.6664303088983525,-0.3795090356256653,0.3140759033317005,-0.22754663523328714,0
0.9900791016088557,-0.9406673381906366,3.820908008194836,-1.321561198399423,0.15900470864284016,-0.2651282416488146,0.48190733141253056,0.09489148455070202,0.11039337679641936,0.46595871285247586,-0.43951123832453176,-0.1095176864449283,-0.05810148476638261,0
1.7752776281133704,-0.6861751342850233,-0.0867004064887641,-0.23290678013651686,-1.142942687787211,-0.5714744892181828,-0.45802827245441574,0.908721046718422,-0.7422630166681898,0.442543956748462,-0.0330992173082248,-0.20883509595400804,0.002165498292964703,0
1.2354239643099072,0.08980704136064123,-1.386896544896437,-0.49568272032054367,-0.3759413985286871,-0.6080881813227471,-0.36301031260707217,-0.23648821779707402,-0.7347937905979098,0.29943184993140387,0.8658597495566035,-0.37721738715910025,0.00859171604641261,0
2.188406334451963,-0.6895696206616249,1.3945668808503582,-0.7774918110895752,-0.8105840689014835,-0.6020724422910166,0.11793274725067465,-0.07479568155125128,0.4597436343240247,-0.02810661977231839,-0.5368471983302333,0.04957847669314699,-0.19869913874736636,0
2.256108981283709,-0.19146193688666474,-1.0926572575082938,0.28615229925340263,-0.4830732567407484,-0.33523354034709457,-0.15835032063133764,-0.47006429962866636,0.13750201364858336,0.8023592256307504,-0.1219165158178671,0.13573120547731338,-0.44660940098231217,0
2.5002200257894276,-1.2408338348969428,1.3860178547156765,-0.3668652201911018,-0.622332864118648,0.582455181983933,-0.4159977481989085,-1.0594353590553027,-0.5383954112640726,-0.32073673149322524,0.3765375740783371,-0.6093716333199938,0.08590327833851323,0
2.6774110474440183,-1.4718736461032482,-0.33226172837509466,-0.3493538754148747,-0.08659432884921109,0.16482979824911648,-0.5342419303195041,-0.531806040133869,-0.7875179858886107,-0.21898191756101776,1.0748021436639956,0.0027863148715422744,0.2725504763691932,0
1.62857911643092,-0.05270445057532331,-0.1671287062453338,-0.7493142456722227,-0.636062748839341,-0.04431850165743172,0.9803295940593774,-0.4990707261404651,0.1315290701974885,0.16556989075346956,-0.22051104413389294,-0.20409544152606773,0.2457753209970858,0
1.9026908622381498,-1.6330604347699844,1.172082119175345,-2.340429038672202,-0.18681405194315776,-0.3279877640004694,0.983933266280089,0.5126440333944622,0.7117217196656465,0.09960871184575884,0.6248615561712663,0.10872500964995503,0.05453756498791174,0
1.4103885265954077,-0.6979343246113568,0.479743025168661,-1.0600862162177835,0.09916074438965897,-0.7102499520999589,-0.22973893244592816,-0.22747487143746972,-0.3967331638744995,0.19995743737368585,-0.17551665267104494,-0.2196743372533231,0.10691027123931417,0
1.903826232194488,-0.17671095109545581,0.45083504003720765,0.2841135523353393,-0.16294944526064692,-0.17464172503368924,-0.6578273393646452,-0.3547289603650732,0.20816166237839964,0.33694441041047957,0.19850979454904033,0.23294647787069878,0.13275427884923885,0
1.38486223037484,-0.6586398536611499,0.4584385808520628,-1.2846581514469126,-0.205011590473757,-0.6204916299314271,-0.07037800436338744,0.9607472622265911,-0.3052847655843545,-0.2033525355017355,-1.0999205800732428,-0.14722367242288292,-0.061290894677569756,0
1.1222074104413111,-0.11410976029688781,-0.03910727668974963,-0.9564012232757343,-0.3422112350676242,-0.40912630908713,-0.4086035105896945,-0.02934105559754205,-0.853864163928005,-0.31347287278639324,0.0038073244226626366,-0.4022311452781442,0.005758090629051073,0
1.5021945006181932,0.7694320064310098,-1.426177345890461,-0.7575080925372707,-0.1658441348973124,-0.41545226099163607,-0.02689895213443201,-0.02635525075689468,-0.2781175654579358,-0.28329255604381637,0.28385777947495644,-0.1793539428287604,0.31931502269844525,0
2.5298010923718124,-1.8030019760618297,-0.3431523889796882,1.1869742956154707,1.29789570910378,-1.5422707680689332,0.9656882861512933,0.7689335896838307,0.7213305416529123,0.022681725529573156,-1.193521617953804,0.16888894629517445,-0.1782874231940736,0
2.588095425854405,-0.7796163041925076,-0.11847746611373358,0.475971439756686,0.40332201594571465,0.7251830257912913,0.5491319392684892,0.7060282787222723,0.8175035633637587,0.32414663624568185,-0.28236366647595096,0.1966347128518793,0.07693646482116563,0
0.6684819937541874,-0.16996094061987485,-0.7833625480611468,1.3130837770039685,-0.3717634179097573,-1.3246916413618592,0.027191687634061885,-0.3260376586436258,-0.2850855042542196,-0.07222044292975854,0.8274758064237858,-0.07340281264648739,0.4288526095041327,0
3.0708069904120108,-1.1559189566098833,-0.31275808393415405,0.5502846354673215,-0.3041256525729723,-0.8079174183981662,-1.0114175755133727,0.9298221727755915,-0.21824229708608636,0.2300895295280211,-0.4425238593866953,-0.18638487524101455,-0.02295374575407061,0
0.4622091375160068,-0.3307421321922755,-0.20147649625677105,1.4364938632755941,0.2832248772655594,-1.0286034468535725,0.5713942813522283,0.5657703919942074,0.293299367318199,-0.07819222271932776,-0.07072161206035542,-0.04958654998902231,0.20205690682206415,0
2.1013519305380175,0.07100892095406754,-0.6558494150434326,0.7577448387022174,0.4715377263535229,0.37180797685892497,0.020548123967876673,0.6243339982669448,0.29900305546926376,0.4292115309426697,0.47110088176726256,0.05618962259345358,0.08106637447821564,0
1.136166177561019,-1.7771073929776384,0.028705735784750556,0.6918312117745798,-0.0609242057519776,-1.9138679124844706,0.17269714903732855,0.256713793045768,0.5534159913574317,0.18735241444041947,0.5944821548999777,0.046745738831835186,0.06168877404962763,0
2.726600963640805,-1.1913346919571837,-0.539773261147673,1.3895506741306778,-0.4968945883275839,-1.0109985810982214,0.7394299324106357,-0.24325406014378184,0.44660004130541414,-0.11106768782040394,0.048634266525158905,-0.20322790906489538,-0.15206729963612628,0
2.8213392741922516,-0.6462585991417028,-1.1555524107274067,0.9876629123241935,-0.009977017690712674,0.2907654247024154,-0.4739140210299712,0.14221260590402215,0.4066026293999182,0.2537900171246392,0.1229889721428348,-0.08522460741064779,0.18928895389514697,0
2.00985085091236,-1.2470294606787602,-0.057293987939922714,0.23064310704030577,-0.3846510704947828,0.5259542352597618,0.2285186058652314,-0.8011282834748916,0.11528263047567762,-0.02771608109319382,-0.1033262729002545,-0.3179460315581064,0.12902435241308258,0
2.707491304266398,-1.7519674072063367,-0.6431136120007949,-0.10023152006305501,-0.49471303194324173,0.7322784165760892,0.007619904817056731,-0.25127135503722375,0.17756435050415784,-0.30538374477263314,0.5470980243637246,0.741156937130903,0.5486697835242396,0
3.214917474773825,-0.16699199499678977,-1.9735716799013712,1.1206839390434613,0.012278197312861222,1.2308189297066794,0.26081117736263754,-0.46804667321216803,-1.2324588341065947,-0.5933180411596256,-0.3673117011577556,0.4110245683547477,0.08078979508769354,0
2.858959826717296,-0.745278803989588,0.004719502164695648,-0.21527655699454856,-0.7588084943240828,-0.19212307003303494,-0.3537467597030034,-1.0721234395431527,-0.9869597679311803,0.11415475158142996,-0.5496847837167272,0.31658193511312416,-0.05146321071285296,0
3.5056043559232255,-1.6127338560350108,-0.5207745300761739,0.10653642366462691,-0.6016844439291633,0.18354436591075546,0.15187262929295697,1.4211024622799782,0.4028085918861088,-0.4248476164560966,0.2920773779205277,-0.08987166392625175,-0.1310230392439827,0
2.2247913805321753,-1.875167999563025,0.33954985035420815,-1.2069665793418822,-0.5766442488035801,-0.24595468138805834,0.46516066153535773,0.3992768095164046,-0.31529425773024516,-0.08248269359070251,0.30925746220247086,4.530261265215053e-05,-0.159648950159245,0
2.1469878235638697,-1.0167515377576595,-0.9577627619503255,-0.24031819021885759,0.8801045044036484,-0.36177499642669214,-0.41194787623209633,0.28956786064539763,0.2805365761083975,0.45477611304305576,0.17242708366538864,0.17864505377513965,0.29611553902405924,0
2.46932948379779,-1.3290083106496227,0.5134374530359703,0.25534862071665426,0.9121401022097715,0.5548694652071425,-0.35840072624319896,-0.5375228268596057,-0.13564631140902686,0.15588662560354483,0.3328388745610311,-0.1702292512440499,-0.24173952401656332,0
2.7415179142774555,-1.4365487835125148,-0.6124733957169572,0.2057474410262065,0.4342638634395128,0.11599776839230296,-0.03922935247760064,0.3513874192736469,0.9330872731996909,0.3468523899287187,-0.042678888011316106,-0.05400109957199454,-0.1624860575406382,0
2.1737409209653094,-1.2121998406977943,0.26177959277078927,-0.5044260860796423,-0.695421813036027,-0.25698373693014787,-0.2190635764185548,0.6118448497930845,-0.8389870880398933,-0.45531895891952756,0.08372102559093961,-0.12558392637960705,0.11156479575191308,0
3.139380151828998,-1.7315791159925127,-0.2856614126164485,0.23056721248328288,0.07504083607220077,0.3515621681113971,-0.8430752920963722,0.626277660032854,-0.414635628481382,-0.20270895291720778,0.2598714605589971,-0.557710112603003,0.16409803523635877,0
-0.9285819689218565,3.0734861631889316,-4.585064007148202,-1.0518443905458013,0.4571241235046464,-0.3882526619586919,-0.09227155897482109,0.6778092133799214,0.3759727890462241,-0.4153089675364541,0.3657447044633248,-0.602295018601074,-0.49233482485891117,1
-1.542480137896882,1.38144350809423,-0.8746831124458088,-2.890119746157424,-0.9780083247078366,0.035011156278987876,1.058853020046102,1.0753757896852258,0.2759974023153043,-0.5821572469741849,0.14849527882805014,-0.3028159323726561,-0.10279370953271326,1
-1.8362497634669404,0.8299841230557191,-1.6057021863206176,-1.4521048531888545,-0.29407579735762485,0.6841167093123393,0.2541435440169331,0.9824533168694054,0.9072722196080937,-0.5719224361155544,0.15055586334388116,-0.08405665787149502,0.31676024622634824,1
0.030606834086680954,1.2627861442114037,-1.7844080104188556,-1.206576070563543,-0.3936043221297494,-0.6070870606421273,-0.5709833767543553,-0.6198637859208,1.2019584178809146,-0.3052022254628708,0.25261966310065637,-0.1408305060786997,0.1637482922156279,1
2.050261607576316,1.925032604650102,-0.007368777349816934,0.7213219027367301,-0.08112664847441223,0.7645261545325697,-1.0758373366224914,0.29854856805489455,0.6110570595233111,-1.4074598422175864,0.008258321028210952,-0.23087395548126352,-0.3862669734783673,1
-0.6096808271776236,1.9080588050851877,0.6793579379775359,-2.153076090835888,-0.04990255123110638,-0.19136551192055873,0.503121065826613,0.01581530662690284,0.3291414477078722,-1.0485851417282648,-0.8822938371343008,0.2911775618402407,0.029772819350362544,1
0.9002278387071432,0.763911473609609,0.5733613020971922,-0.6793616342868729,-0.14263304851093608,1.0175322447197048,0.19331274228380188,0.09316029346103276,-0.5907741033000199,-0.6800264322383184,-0.8086295013075159,-0.20401969807557607,0.12647010552055982,1
2.248507190798396,1.8845924845501352,-2.031840192867585,1.4076272343171485,-0.7320069560460494,1.3033985283217482,-0.3447187683203275,-0.17678794112074328,0.8076280599331861,-0.3759176322179599,-0.15495017113769605,0.17951817403863157,0.11996604437927616,1
0.1833840266847563,2.4271461147035733,-1.0697455602477997,0.12741797198490512,-0.5345735590539731,-0.0700008822515272,-1.3547653565542699,-0.2263073544689907,0.4023960820620178,0.10680268938144089,0.47975015348322425,1.0995317261251145,-0.015789308027509927,1
-0.8128050273520723,0.22051398690226962,-0.7070053958009664,-2.4889895776206523,-0.5835598311121722,-0.3174396446048202,0.36709175059649124,1.2465988553473726,0.9968518973550667,0.1280285492344846,0.23247764840674698,-1.0009047463153635,-0.28573615409855885,1
1.9756204987985553,1.4032832253096152,-1.2382762196848582,-1.1523064888662475,4.186656742220542,0.49299754529722417,1.4565455876967817,-1.0424772952984127,0.37437910902898475,0.4161134257090513,0.23147199951479694,0.7228278336723536,-0.49676742806990576,1
-1.5722162196263012,0.8849831369082226,-0.628997950231593,-1.1718464071389347,0.9653445697690068,0.2694101015041536,0.15082179870381718,-0.719806855057851,-1.0893379002457977,0.6713435856004579,0.22839801252093767,-0.45452637433976567,0.3796102975763027,1
1.6576818088332894,0.9567121974591484,1.9525842166061942,0.15220891160110797,-0.7871611831143369,-0.31622495546181484,-1.4916305629369164,-1.5309495572433505,1.1587235622059846,-0.704389036192976,-0.7382436481321136,-0.46357565597531486,-0.3395563533438563,1
-0.7253723880353558,1.063645400706095,0.08033222861543456,-0.07601943117966839,-0.1801657703687297,-0.5443166900135629,-1.5989013122571705,-1.0522996912797362,0.898099457017592,0.38805912392630754,0.09749329960335346,-0.17663312073606804,0.2607861520916978,1
2.5622271731703625,-0.26019855065459735,3.374393962239756,-0.9793994323621665,1.9807986006300542,-0.31203963442139904,-0.4493930232785067,-1.130632524721564,1.1119276561622804,-0.13397905163686027,1.7804554880313315,-0.1076586789764163,-0.24932087128161487,1
1.8325675700495472,1.2878781978605267,0.45828002739955864,0.17135075351694953,1.0012222334229628,0.07785782638634911,-1.3756389710624064,0.529011394527345,-0.4516319779176626,-0.24009962814935662,1.072769361595023,-0.46476117449705,-1.0181569732866258,1
-0.8679929031954137,2.4441011855808656,-1.5633331789503766,-0.831459859384676,0.7079799805345915,0.11236375184395392,0.42318075171158837,0.06489481651957882,-0.2162394951697565,-0.9429266093224736,-0.17302972106560002,0.5997640606209138,0.27245279553231716,1
0.3700144042947832,2.15390697515699,-2.4493863483037375,-0.12615904447506768,0.09529984226013019,0.5569235324392477,-0.647813796876605,-0.739811909115396,0.7812069765942823,-0.47109905898645593,-0.38411881026844763,0.22201764069105742,0.25043541743762415,1
-1.4573770449061412,1.3833517690762596,-0.2273069023273031,-0.6963568703737969,1.067362182563815,-0.81876977985486,0.934260754569529,0.8552881939863872,-0.04880804175333357,0.07189293078038773,0.06180613248132215,0.34482910516941156,0.11881502391440144,1
1.2629308497284977,0.7708495299701175,-1.1842245173752355,-0.9258822437115034,2.6135930447135776,1.5977957182522347,2.013758274440774,-0.1724791351237829,-0.1565029336397529,0.5761703582004174,-0.38468351367387565,-0.1872197444057738,0.11511703509311857,1
0.37615037193423845,1.027043403355822,1.7944662945426577,0.9785445272560214,-0.13656918831244305,-0.6611531865236259,1.1932128759790546,-0.33325118845920604,0.7996845496637671,-0.5859321828209931,0.2641914869851538,0.013340276494558012,-0.06562242861296134,1
0.762063904109598,3.375053809963536,-0.35747005553946487,-0.36673291451865475,-0.15444057267645378,0.24524198514541096,-0.41991645782970033,-0.24143580606342244,0.6730591160355411,-0.6654507907386069,-0.12281348227965358,0.4862027043158004,-0.142107626873573,1
1.0345779671651874,1.4507097382440928,-0.36301177316396144,0.29659578044989693,-0.3058872373625739,-0.10033806335892442,-0.45929954637618486,-0.6055959283044171,-0.29106745951504676,-0.1000767743976748,-0.1334534424162352,0.3610376507185829,0.16106399123659723,1
-0.4948767556803291,2.3812435267673706,1.3357431762848624,-1.0409788442473589,-1.0421266340608502,0.11277469690004295,-0.6464101961785709,-0.9486296148249367,-0.5303957632935486,-0.13476485136899985,0.12754872442704787,-0.04193016944720593,-0.31727498599367243,1
-2.5389770842951225,0.08744335730498161,0.47425139276914585,0.7586014542364229,-1.1278164752510735,0.18068666809418157,1.1562986358284584,-0.5022160406660012,0.2011230269720007,0.14971549127560607,0.03633373790543196,-0.19632649992193346,0.589140933759856,1
0.8353201453942961,1.4736705514008677,0.6100935756921089,0.5829518777254249,0.8991847835917848,0.8825278739997978,-0.8330969102857737,0.5608584014904517,-1.21226817646995,0.8426168254636197,-1.2600042285583533,-0.2123841854856396,-0.33120526443940823,1
0.7879046149897091,2.026626522462478,-0.2547234039695494,-0.8094180804315653,0.2588525423484461,-0.15780596379903106,-0.2700243811177639,-0.14707425628408533,0.5186122836728544,0.13473143217271946,-0.6021482485356465,0.2694892452474723,-0.28031480167414524,1
-0.8068321559655403,2.2338303908439126,0.7728557971982631,-1.0137157469318316,-0.2918622987377138,0.34959387598287206,0.256929716011158,-1.0577112083013915,-0.06592413323382937,-0.49173196185880147,-0.02108499905472593,-0.08941916187380769,0.15009472222488512,1
-0.558042624875684,2.372985428849456,2.3076114040119995,-1.0353203058236968,-0.476939507997586,-0.2375670896915041,-0.49170074806006747,-0.866473633810789,-0.4147966678287686,-0.14407059087713028,0.31747357902865314,0.7909916809299595,-0.31105981297354945,1
-1.1151110419194483,1.8022471916654543,0.9592533076886524,-0.3312837911530237,-0.7315100618693958,0.05794607596742214,0.08777415942999726,0.3125175666578136,-0.9046754893522146,0.3055460682733134,0.3205288925408027,0.1522232932594435,0.007553389741568873,1
-0.5557228299517034,2.6575400353922936,0.8491268977432219,-0.0031976413270359823,-1.3462570019392712,0.04061428662814795,-0.7612009957506916,-0.43610829190541295,-0.3506648462863513,0.6797044668354426,0.6188730631645709,-0.073871294061937,-0.3766089320475075,1
-1.3492852824437331,2.1180014697848186,-0.04765232084869201,-0.4662505669541352,-0.8905459729866047,0.49658972268943646,0.7562900671139875,-0.1217647285186434,-0.6180368552555876,0.19175790861261977,-0.6701204675469602,-0.18017950425272541,0.13162794284122825,1
-1.5644826057199075,1.8522145217655508,0.7810670309346305,-0.6050793910273257,-0.5164653651812141,0.7320173199611679,0.1376416674663985,-0.443681156529647,-0.4156825715433499,0.5932631581672945,-0.40837837445781994,0.4446122118142321,-0.006248123677225349,1
-1.9325556106314654,1.5594954568986221,-0.08927467610867905,-0.5225693568575714,-1.1736975707899515,0.9059614024568193,0.5388714777334354,-0.5480339216919453,-0.1322247183246026,0.7350900241961927,-0.43502833209315084,-0.4598700751668463,0.5039401418282197,1
0.7466659419884484,2.3129317092207398,0.11467976874541652,1.2485387039903983,0.26293687450294706,-0.5166878900737095,0.20878209652617005,-0.19571706876260606,0.10371070219652037,-0.40613417127391555,-0.7964216706464441,0.2567461645982007,-0.36343834555085464,1
0.9574553638036398,2.2235284346674615,0.14244477369872702,0.31404294703855656,0.9441427116781995,-0.382826495469543,-0.758109285120959,0.9024518481440672,0.0966120474947465,-1.2743123862090118,-0.1727317682911198,0.21641453987841713,-0.6761282108735696,1
2.5438651841995528,-0.16927402279974185,0.7886969907454833,-1.032837042700249,3.7310792052357455,1.3516785826333884,2.644070499178076,-0.5331101866548758,0.15815721422491197,0.5296765638992843,0.2387561495388374,-0.4560018791730742,-0.10638947271317299,1
-0.543952588776231,0.3689265458773151,1.3088959318568623,-1.2779985588464862,3.346790715256263,-0.709493887820944,-0.35185902422650206,-0.11366197214049267,-0.9981256765905903,0.056811364688814266,-0.67767057973973,-0.2157269662735351,-0.4888414245255463,1
1.031049750388148,2.5655693487335247,-1.0863901738177375,0.26386098478433867,-0.18984401497993675,0.402685319725971,0.013453880722792246,0.03527225275485699,0.18074645856984706,-0.7295445528873841,-0.3941384703970735,-0.0666763010220251,-0.0284200149478038,1
2.2519094221481257,1.4327413803542566,-0.2302082437978132,0.9211710965438418,-0.23992293182093413,1.042347742663112,-0.8716262109371431,0.7603424906018121,0.2365182840972161,-0.9429166317446546,0.4977216630836355,-0.5850758029602524,0.2952364301244143,1
1.4102160153374577,2.1661917693703843,0.7488964107708799,1.1956111880598197,-0.7098572124767392,0.6106186528331917,2.092078731497642,-0.58703755118051,0.12825017207165842,-1.2112036989588124,-0.6181681762750493,-0.08197672085158345,-0.011451083484066872,1
0.7977197926930408,2.3769488030818633,-1.5681125312755257,-0.03481636022108932,0.6170913970699868,-0.2876458701633464,0.28209296704798,-0.37899213279807814,0.11300851222182072,-0.6161582263533982,0.9706694404113464,0.6409031966789278,0.17376560263563756,1
-0.5495317266494647,2.293128643245628,-1.4989353232010765,-0.3070386710514741,0.3260109342532352,-0.15075781455307558,-0.4117908475012819,-0.7997621340834872,-0.05149871110417775,0.668451375344206,-0.031048504875247462,0.12239065917031075,0.12572056392825368,1
-0.16117373994854675,1.1644833215600154,1.0037131028373558,0.6616862238806822,0.30118514173661415,-0.6605200468901063,-0.49802134962896144,0.9612311394343932,0.32455663771158244,0.6027364523816889,-0.024895779666521747,0.04808271570924056,-0.2257890953966187,1
-0.6597949416843623,2.6799611859896366,-0.7649208684795128,0.4699547735549662,0.14447038463771308,0.4536467970909869,-0.04766873647094801,0.4430065655018107,0.23132238950677436,-0.10337021246803624,0.6758489875606128,-0.5677212181893441,-0.22959067239191142,1
0.39235440818508244,2.0987317087655386,-0.47185000760973944,0.43705657473857307,-0.3038104545802325,-0.24931415163404397,-0.4531964516617063,-0.399936088125908,0.1753570253319446,0.7393431942321876,0.721455633864642,0.5119817880185772,-0.12826353063599683,1
-1.7724990779600367,1.7172884693761423,0.9470331744608645,0.2595125860680501,-1.0048254910501588,0.10602075330951935,1.0790408706579309,0.41078310223351866,0.7667182719091596,1.4221038488975861,0.012835328233189424,0.5516694433785512,0.5606969596722812,1
-0.3662673573520656,2.1693532978292835,-0.4813242347422907,0.3984004616727459,-0.4690513137218423,0.19448661963032107,-0.24027590953271077,-0.28641373439216333,-0.33819303372401693,0.650405292425801,-0.2780827538426933,0.606568056436758,0.3438736188959146,1
-1.6206725727874804,1.3555833880259576,0.28715900069561573,-0.02602454598817782,-0.5693525482637523,0.5811677691901065,-0.07761587164112013,-0.689411101760553,-0.05386446534760857,0.9216377331096552,-0.2597971390853711,-0.22900266565739727,0.6717702056338826,1
0.08253578349332642,2.306234587748326,-0.4635749893739517,0.8903510234579521,0.34057655163761646,1.1125046241937537,0.210366676299601,0.3020317469106559,0.5605680067353629,0.8101105376284452,-0.06395403063354894,-0.18064507209496744,-0.03646232744348494,1
1.5782750709323805,1.462034290204817,1.7796459547332846,0.6135844239909841,0.2879817362600751,0.7973181693422517,-0.2812374555093386,0.6170532320022603,-1.2648353374602865,0.31230560141329705,-0.5972874850176723,-0.2336698321793636,-0.2015794960719997,1
1.4205692478240144,1.41820663763375,0.13927582948819736,3.430539460974849,2.1968843368132225,1.4571160068029416,1.6820261212584768,0.0349825065900353,-0.5504988893690587,-0.19323943105860433,0.7445609595350033,-0.6232225957323186,-0.3610227053059744,1
-0.278702753648856,1.9305680886704675,0.07867055304723419,0.9285207407965422,0.2614957781883478,-0.6799970048310237,-0.8475937299898382,0.2890581738566832,0.5940459310305692,-0.17547025653958806,0.0895856961399413,-0.5947384945821655,0.06528172106355047,1
-1.3031449662482821,0.7631723136577909,1.9995965104868527,-1.7258358801711178,-0.734906272916677,-0.4867198828338704,1.1332766315820304,0.8449585476326874,-0.7022469391080826,-0.5063031629199725,-0.6892453975986428,0.7099391346812958,0.37902824445904837,1
-0.4570718656526264,2.269415607589676,1.0613389675926657,-0.8374320543803826,-0.3234508412672742,1.003116683441087,-0.5044309945877985,0.7410341780377995,-0.4232708644806074,-0.5069665124561026,-0.15751159828518274,-0.3278217956249625,-0.2036567585625161,1
-0.49418584704437624,1.9390450494868328,1.323938072376691,-0.06159724830111849,-0.8489075288858694,-0.03317755888645047,-0.9821331621683939,0.9584565685711053,0.3727651025902853,0.3668826425336584,0.11060982225066841,0.01855406727695516,-0.014218416952964738,1
0.48207440977309113,3.87178384840724,1.3442712233930707,-0.8999104922079568,-0.9323577261763409,0.9693699278766407,1.4031079169598308,-0.6787914724444527,-0.09719406376656338,-1.3541870014702004,0.2935488224622723,0.7232566079504487,-0.27203459251096596,1
-0.25288887765320145,2.8214923747015943,-0.30263978453063983,0.45796710142113195,0.3710872502471725,0.04826452411669804,-0.5681656726256079,-0.14228246921490462,-0.16124416602039118,0.8438295973604067,0.47315781561686027,0.29371571637926175,-0.18685347823954493,1
-0.10722763772912458,1.9289220425669589,0.6901482425075133,-0.27372248408469624,1.0710969307184268,0.03722121638136201,-0.012702058434143912,-0.36052423873453365,0.8175496140614708,0.45445990275302245,0.0034649346188225434,-0.009844340988156612,0.30474023220464985,1
-2.433012602550221,1.2571410404943937,-1.9030274044113484,0.8697319052756073,-0.46814263413451757,-0.8279559644539849,0.24194298857269936,0.6379549540155828,0.12674474994434845,0.17477273485575048,-0.3258597873823026,-0.30295906280919266,0.30931644724398044,1
-0.5510895391746534,2.222161550776622,-0.3562288302125346,1.3633198872949583,0.21671559781467484,-0.5724168275982732,0.9659276158653999,-0.19364421788537647,-0.4889179357072397,0.4656247087612762,0.31359114160622187,-0.016166141069960296,-0.09882710115762657,1
0.739621928568221,1.4089566673657126,1.1253454920042374,1.2051114675926025,0.4299212328758376,0.10584620913612713,-0.20502618829410652,1.3934665765404823,-0.6469255759888595,0.21162035371259602,0.38016970423213076,0.1407271904606879,-0.0636658463205703,1
1.33632173341833,-0.2533369311683072,5.345388179195741,0.23903751260619988,0.2365025484012203,0.8009793022153376,-0.6004019103653504,1.778778285775133,0.4160322777594875,-0.25181094262521386,0.14484299889597804,0.8488229698519609,1.53342264181787,1
-1.1770869962477752,0.6639668398015692,3.010221887946427,1.1661369564822783,0.3327286863341526,-1.1796254380056512,0.6125505273034466,-0.2502532640127975,0.2869534160018268,0.17104407566633217,-0.027177137677265147,-0.0012671759919081955,0.1455075258906108,1
-0.46233500801968214,0.6182881794850409,0.48344236634418114,3.5767243570819143,0.12882144758822264,-1.5152209721646737,0.762761604860957,-0.2493474909239512,0.4725414227626051,-0.23326643520568882,0.20105049551707171,-0.35863653690253233,0.31609917687454436,1
0.9784740793566459,1.4455704988958262,1.481236974995947,3.7903350912632856,0.49981025849774374,-0.119288906238452,0.18076906950124244,0.10017048433027861,-0.7924866930883963,0.01730476772013818,-0.4557862475903335,0.02923466348272898,-0.1607815886868441,1
-0.09680972631598693,2.1099979931352264,0.43482611561678836,1.0546952788758284,-0.31144442642564624,-0.11013479938956226,-0.533264601579706,0.8417779716972873,0.443027892490049,0.29453233792326633,0.38846971830158394,0.04990139519482745,0.297096952724125,1
0.03848714594902376,1.2667621091578853,0.6875779128728097,1.2728841836169353,-0.35305217989108123,0.973908109215223,-0.8167931788807683,0.9802318686007208,0.5196927088645095,0.44630057131957074,-0.01877225496890752,-0.568123955243969,0.6480548809735458,1
-1.5971585012074745,1.208143574128485,3.361175555386426,-0.2192775528170314,-0.6407634332225789,0.8661347816356453,0.13861539324987152,-0.11285792865510584,-0.16427012034186914,0.2325850387361055,0.3518595561103679,-0.3647771147324635,0.47185725051944694,1
-0.4795649160831271,1.9388406603940478,1.2965075188296697,0.6869762250808212,-0.060485219351206966,0.6841610796703187,-0.4105759232297681,-0.30109778060311265,0.41538381150273374,0.6092903004545764,0.05976543476203539,-0.6123997983519477,0.4622697094562393,1
-1.7928334730311473,1.1502881044421047,0.7828001731822631,1.4787789658343147,-0.5042179729065143,-0.9954949279092097,0.31850758568743537,0.2530902306993699,-0.725164100414315,-0.08545806065609003,0.4192955133858099,-0.25900600671103635,0.10611807580145,1
-1.3271016561416016,-0.17038923204902837,-1.1800133553094816,-1.501709805674457,2.3052903261881803,-0.15285292873520623,-0.825817432819045,0.27505122387281267,-0.17401432336367426,-0.027452647284119,-0.5413758122586962,-1.0250783329636903,0.3422891529788594,2
-2.3845008347435317,-0.37458260552469425,-0.723822594811661,-0.30819498345044094,1.339631984837464,-0.7200320942809153,-0.9298199822828362,-0.1414872177187435,-0.3624168299745907,-0.47350620591500325,-0.5511255536776022,-0.3942602001411388,0.4717949830852872,2
-2.9369401021466146,-0.2638618300683811,-0.16763981598372088,-0.4087734217917768,1.0878060614398708,-0.09427571947259804,-1.6036530736100474,-0.5730386402350673,-0.3514377184148542,-0.0012445454504606413,-0.005486852952298183,-0.5208965934547192,0.6159580268143748,2
-2.1468111338160654,-0.36825495188646185,-0.45330130146918485,0.04852756505453343,1.7266320466248128,-1.031639697236739,-1.0085438565679699,-0.28739126075507015,-0.4197782024172485,-1.0611650544194053,0.05957932874924208,-0.6895645583286836,0.18931505615110986,2
-2.369869488333044,0.459634809231167,-1.1013997885920572,-0.8567773352940348,-1.067006539514014,1.430740773604489,0.3395438815407553,0.8486899774446105,-0.3158810653657852,0.36905611712822095,-0.01667694399695397,-0.6679254507695341,-0.47189504714930214,2
-3.0638415687203557,-0.3534128354584024,-1.0991241041153406,-0.7403981320869447,-0.737708034042036,0.8410565972838309,0.7165699735294315,0.7489594342735922,-0.09952395993730484,0.19214560155410415,0.4007251240057106,0.16766714316954537,0.07370639317243109,2
-3.9157537837118936,-0.1545825194417335,0.22182779984104625,-0.0090683274530041,-0.36272873638391756,-1.124811208179921,0.897341155640155,0.20305141420188186,-1.2024701205016382,-0.4500889375418156,0.19409362211887946,-0.5774815086444478,0.028470125273415397,2
-3.9364633907159674,-0.6596872334097839,1.712215419214533,0.5454838007805718,-0.5373248151605965,-0.8906231803366619,1.4659714585749577,-0.06265529332302017,-0.06465277790784837,-0.596865427146086,0.4412055177758507,-0.07060872803767901,-0.16321247306935902,2
-3.0942761177622775,-0.3488427592737962,-1.0268314134224514,-0.07134920796521209,-1.0593498570949467,-0.3869573430606473,0.7723886077669412,-0.14633189231555205,0.528104599757733,0.13895433654797731,0.12660977060009654,-0.08418337291644162,-0.14148243615261025,2
-2.374471628006925,-0.29198035155999497,1.2419143328305615,-0.7488055395994903,-0.41557911281372145,-0.4268474827572822,0.07347623265127871,0.3317410700863725,0.5389712813409825,-0.08250221409954975,0.5433206614558682,-0.22057352802191407,-0.7610417147851951,2
-2.7788129476325163,-0.28680487288217554,0.6096701239723704,-0.8793468858520356,-0.5544239360926176,-0.7357588792106512,0.010212213187762583,0.4348145782012049,-0.15220346760103276,0.7435026298075884,-0.41717252974642605,0.052807642478326935,-0.38929211446999057,2
-2.28656128473847,-0.3725078446852986,-0.9716430323608555,-0.3714377359573678,-0.33809236820757804,-0.912818782319427,-0.9647977255343296,-0.15028020470634765,-0.2420596740685883,0.9247612933031109,0.07965733574405333,0.23773832483007734,-0.2870751754938882,2
-2.9856334874494683,-0.4892179083470138,0.946952931799967,-1.036225585674916,-0.5851467429990248,-1.227673507132312,-0.2316210848617649,-0.3206518798736015,0.510139743066917,0.26291664515799407,-0.35205449060772664,-0.2463750815590475,-0.27919107168555346,2
-2.37519469822711,-0.48233371724487806,-0.2528839940533351,0.6711492638133786,-0.6280919050420642,-1.5603404373187861,0.972065727967499,-0.3745723956457062,0.5153719871115273,-0.5097730557985303,-0.07624337504744892,-0.28132005849720637,-0.3900952154268304,2
-2.209865525595872,-1.1600525041576426,-1.2451252259210628,0.31883818812770637,1.688693398107324,-0.33107454371107053,0.009357744571651068,0.28689446533570995,-1.0003914149123527,-0.21054307874668923,0.4969452925271715,0.9939185775969906,0.03753444888491931,2
-2.6256210046927233,-0.5631607642108348,-0.8559610818033759,0.2756840261001722,0.6511122082281527,-0.44731961728182573,0.5766521830285495,-0.39903062024340585,-0.3234797645872452,0.7616701996936778,0.6410861538401854,-0.8657989691853822,0.027647109712511345,2
-4.280638778751089,-0.6496709640237069,-1.458196961638568,1.1281643024386072,-0.35955425002746916,-1.6166438942053063,-0.0753207221518112,-0.7640679148079196,0.09874431239250245,-0.023844641293965504,-0.5963761902256439,-0.659791815510223,0.2908014787040833,2
-3.582641372001107,-1.2727027497273016,-0.11078403762472931,1.0499090445620118,-0.5235518995888994,-0.6001736007175592,-0.18846582342876006,0.42134595622882753,-0.42409544483676637,-0.1509340533112881,0.22207810725717528,0.2810816850028366,-0.1566075719451996,2
-2.80706372008166,-1.5705337870411975,-0.4725279345720873,0.6273584503465334,-0.2601729969289267,0.5532429126464223,-0.4494641718620587,0.12287297801598596,0.044627037272635915,0.021868059295219566,0.17873444270755576,-0.15850886329443808,-0.2356659564275003,2
-2.8996593330239118,-2.0410570079384653,-0.495959810235092,0.4711556154388608,1.4388772090990603,0.17854341124206177,-0.39351986113809456,0.0460586548714383,0.09047737030242939,-0.610527033101207,-0.07657932210825659,0.35286057767243983,0.7503245200535912,2
-2.320736976549204,-2.3563660755566755,0.43768174361876394,-0.0522597755404911,2.2344271940530827,0.07677854217495413,-1.2734386989773212,-0.46646842662469534,0.30464942144851026,-0.42294185108156607,-0.5827885985393371,-0.1772434072138188,0.7400246240965261,2
-2.5498309472261367,-2.045283091019525,-0.3122679986509297,0.3869716822307368,1.8475226161978855,0.9800291475358007,-1.6271916638443213,0.2696632493788505,-0.14780219902951183,-0.4326550792126587,-0.41378686078343996,0.5924669743258417,0.46457719708017453,2
-1.8125412848422993,-1.5276459462687526,1.362589781587872,-0.18939590603488712,1.7493871973183561,0.9702915176984998,-1.5418507978367473,-0.07949071380612294,0.36877438929354156,-0.30306874710363596,-0.4591927209143104,-1.0016768158445026,-0.22325812241247622,2
-2.7601446419239513,-2.1389323476426116,-0.9646286882006784,0.6683861119277915,-0.47704169257434714,1.8021134412213191,1.0184060612851993,0.37175911834605235,-0.013306511192961584,0.09597919646625949,-0.12131220532139667,0.4438597423151183,-0.057183390484477445,2
-2.7371505006679917,-0.4098862708817902,-1.1904046839669835,-0.6630452043229464,0.45903677670238624,1.8818902559718906,0.023338202493239507,0.3931957869739288,-0.0022895069661809297,0.837826047595982,0.3597010304956284,-0.012205164152401056,0.08663398341815814,2
-3.6048688681834267,-1.802384217583968,-0.09403686133597393,1.2688404735137238,-0.6094653319307326,0.19193279581126169,1.4184227681318,-0.19787534308086657,-0.17466377168981978,-0.18659121061650807,0.5793451531218665,-0.0036202054626451475,-0.008666461150252632,2
-2.8898259968735087,-1.9252186131303437,-0.782322555508448,1.324725400776885,-0.571242954760558,0.4306056746807085,0.2178557403523053,-0.13700216837058993,0.34934151890800424,-0.14518875221437927,-0.6614393209154793,0.042487249935627414,-0.17657094020021216,2
-3.3921560768357226,-1.3118763884735962,1.6020259689000182,-0.4828421441297932,-0.6708713844634325,0.8035654872896869,0.09583651626235314,0.10776718337770129,-0.4303124358270312,0.31039038335063424,1.3192456527007783,0.020772886639164302,-0.2159909274866094,2
-1.0481818968536771,-3.515089691219732,1.1600385659132249,0.9353293944209031,-0.8994485346148681,3.2842813081553217,-0.6424633574198859,-0.5223360804340191,0.9432669079743411,0.35188432273679465,-0.2818386702989864,0.08826269711620922,-0.8151796242361641,2
-1.6099122828479355,-2.406638159574328,0.5485596972407084,0.7543096839806913,-0.9952068461741822,2.9194770585946133,-0.7110561137170524,0.13752765255949428,0.18954886165592083,0.0799471007383434,-0.36676291971030917,0.0857390136735209,-0.8125612217159413,2
-3.1431309667439775,-0.7381610441757978,-0.09099872392222372,0.9806478454856661,-0.40981351887781164,0.3989223334953968,-0.07403122442234411,1.0931903336938422,-0.15579782319595045,-0.6210545123987429,0.4673042869890926,-0.11317786353700608,-0.31883446459936277,2
-2.2401568962695433,-1.1754652881188656,-0.10137693249612262,-1.1652787163314826,-0.26444929219314833,-0.8010387615716349,0.5398826927126967,-0.1326042427175708,0.5555902832056469,-0.2468210338563,-0.2220616198384479,-0.10212678699319033,-0.4385094383027867,2
-2.8476737761195223,-0.556043965882675,0.8042152181010271,-0.8978880662595419,-0.25480131672438205,-0.28856803502345274,0.867762397197609,0.2519840999626053,0.31861059212769666,0.2526222542108627,0.006841460278033515,0.3166394835961357,-0.2292480655943242,2
-2.597497056648766,-0.6979655372009204,-0.8849395211306319,-0.27422874768253075,0.7722354971886591,-0.7198424302489351,0.2725002525874411,0.2605415555250057,-0.33949210449242945,0.22480227683204063,-0.21265941193302929,-0.16880213089973012,0.05749221514222147,2
-2.9492993731348442,-1.5553089642839837,-0.983400727224943,0.015480346925870874,-0.36408211048498584,0.49120599373323165,-0.9859350902141901,-0.7857973191952691,0.3563284687278959,0.007654517692411152,-0.07369064144749567,0.4777448957038713,0.10127615834055292,2
-3.5300322663493136,-0.8825267962042368,-0.4660291277785421,0.5807896245708606,-0.668959719993088,-0.4588143074807713,0.5222206681087438,-1.0751276155481648,0.48643943793659417,0.03427664636223508,-0.006268783616372288,0.12047532609396543,0.0810879404343726,2
-2.406110540478553,-2.5923561750423985,0.4282262107995761,-0.18433509160570707,0.4476611237707312,0.5695062683836791,0.0358020691051123,-0.673245046872267,0.16800701555895148,-0.8658553533125587,-0.09744510054815386,0.7996528134869763,-0.09049324371183076,2
-2.9290847269674565,-1.274446947904482,-1.21335827150515,0.2953160469465615,-0.26734992758769716,0.3812131102676745,-0.6443207361032215,0.0005529116872134024,-0.5025310841108512,-0.6000243350530379,0.07563831938911023,1.0796562172563082,-0.11299132906478473,2
-2.1814127788126214,-2.077537312734517,0.7637825515581176,-0.38959332189945434,0.35987360204030444,0.6295677883052267,-0.7533223475598814,-0.9260736918317352,-0.10983353740991568,0.21663434609491453,-0.22521393558973427,0.1530824449762358,-0.14849569660902845,2
-2.380927787135642,-2.5886674324185925,1.418044029496812,0.5885019355198966,1.1279968090043713,-0.9836449646975358,-0.9304726426560783,-0.29400486979527024,-0.0025256720979561233,-0.708789582010462,-0.15239085598825955,0.2516023269517205,-0.39602765946158763,2
-3.21161721504125,0.2512491044255912,-0.8471291521285002,-0.21706535466547078,0.6090952147103349,-0.395377731434438,-0.2918493003613612,0.5829062710113492,-0.5971232366526865,0.15492549714010728,-0.19917575497227244,0.24544490607460295,-0.02389778685420553,2
-3.677918720973817,-0.8477478441497625,-1.3394202310855172,-0.1251758651527181,-0.4861119326918542,0.8579592100532758,-1.0256400176634848,0.6760870244040684,0.020623256060557586,-0.027336961241303123,-0.1289900318944476,0.8045916300252066,0.02596867519381952,2
-2.4655557980404486,-2.1937983036540936,-0.9187809604264916,0.018024995000048224,-0.7012095215705464,0.680855002729652,-0.8291991199880557,-0.29651613097458074,0.32683623278984425,0.27415872838324346,-0.6087228493920719,0.09864077670445655,-0.25919831208879096,2
-3.3705241454428627,-2.2162891398611375,-0.3425695124143249,1.0585268387311846,-0.574163899234673,-1.108788420121797,0.9584158333692431,-0.14609746749776703,-0.022497654947321005,-0.3041173610430723,0.1392276399076634,0.1707859093731791,-0.1144266101213017,2
-2.601955851224739,-1.7572293509792754,0.20758135498125022,0.3494964215465606,0.2550631777338364,-0.02646537747773785,0.1468935468250771,-0.5524270406733203,-0.0979693752483419,-0.20606078677196782,0.2581977482986672,-0.2794310534717063,-0.18737127836910625,2
-2.6778394608645026,-2.760899131674547,-0.9409418766769936,0.31203474626496075,1.2713550029612661,0.27306792351299475,0.6792354057331005,0.04702380430626567,0.0012221468680146763,-0.24799731185437324,0.5124920247566167,0.6987664514502343,0.07207769481156406,2
-2.3870170912797195,-2.2973466797128195,-0.5506961970110855,-0.6882845476085488,0.8139552190463945,1.178782977352907,0.633975270505917,0.39082877403759975,0.057447672548095886,0.4914895016467208,0.29982196799253485,0.33982065370202824,-0.021865760500497402,2
-3.2087581641980236,-2.7689195660475754,1.0139136641131106,0.5969031860643158,-0.8951925879514002,0.2960921841274232,0.005741257097529336,-0.2929137342661606,0.7416604229158628,-0.11796901888784789,-0.22996433111840725,-0.18878796287917804,-0.3239647204516345,2
